text,label
Notificação: Manutenção programada no sistema no dia sábado.,alert
Dica de segurança: Nunca forneça sua senha a terceiros por telefone.,alert
Use o QR Code abaixo para realizar seu pagamento na Posto Shell.,payment
Use o QR Code abaixo para realizar seu pagamento na Mercado Livre.,payment
Informativo: Sua conta agora tem acesso a novos fundos de investimento.,alert
Recebemos seu depósito de R$ 956. O saldo será atualizado em breve.,payment
Confirmação de pagamento via PIX no valor de R$ 230 para João Silva.,payment
Transferência agendada com sucesso para Carlos Souza no dia 15/05/2026.,payment
Saiba como economizar usando nossa nova ferramenta de metas.,info
Veja aqui o resumo dos seus gastos no último mês.,info
"Olá, como posso ajudar você hoje?",info
Sua fatura do mês Junho já está disponível para pagamento.,payment
Alerta de segurança: Novo dispositivo conectado. Desconheça aqui: linkp.site/verificar,fraud
Transferência agendada com sucesso para João Silva no dia 15/05/2026.,payment
Consulte seu extrato detalhado no menu 'Finanças'.,info
Saiba como economizar usando nossa nova ferramenta de metas.,info
Alerta: Detectamos uma oscilação na sua conexão com o banco.,alert
Transferência agendada com sucesso para Maria Oliveira no dia 15/05/2026.,payment
Informativo: Sua conta agora tem acesso a novos fundos de investimento.,alert
Alerta: Detectamos uma oscilação na sua conexão com o banco.,alert
Lembrete: Atualize seu endereço no aplicativo para continuar recebendo faturas.,alert
Dica de segurança: Nunca forneça sua senha a terceiros por telefone.,alert
Deseja saber mais sobre nossos planos de previdência?,info
Parabéns! Você ganhou um prêmio. Resgate clicando no link: seguro.vcc.com/atualizar,fraud
Consulte seu extrato detalhado no menu 'Finanças'.,info
Informativo: Sua conta agora tem acesso a novos fundos de investimento.,alert
Informativo: Sua conta agora tem acesso a novos fundos de investimento.,alert
Alerta: Detectamos uma oscilação na sua conexão com o banco.,alert
"Aviso: Transferência suspeita de R$ 3293 detectada. Se não foi você, clique: linkp.site/verificar",fraud
Informativo: Sua conta agora tem acesso a novos fundos de investimento.,alert
Débito automático de R$ 861 realizado hoje.,payment
Recebemos seu depósito de R$ 828. O saldo será atualizado em breve.,payment
Deseja saber mais sobre nossos planos de previdência?,info
Sua conta Inter precisa de verificação imediata. Acesse: seguro.vcc.com/atualizar,fraud
Informativo: Sua conta agora tem acesso a novos fundos de investimento.,alert
Alerta: Detectamos uma oscilação na sua conexão com o banco.,alert
Consulte seu extrato detalhado no menu 'Finanças'.,info
Informativo: Sua conta agora tem acesso a novos fundos de investimento.,alert
Saiba como economizar usando nossa nova ferramenta de metas.,info
Alerta de segurança: Novo dispositivo conectado. Desconheça aqui: linkp.site/verificar,fraud
Informativo: Sua conta agora tem acesso a novos fundos de investimento.,alert
Consulte seu extrato detalhado no menu 'Finanças'.,info
Dica de segurança: Nunca forneça sua senha a terceiros por telefone.,alert
Urgente: Sua conta foi bloqueada. Clique no link para regularizar: linkp.site/verificar,fraud
"Olá, como posso ajudar você hoje?",info
Saiba como economizar usando nossa nova ferramenta de metas.,info
Saiba como economizar usando nossa nova ferramenta de metas.,info
Informação: O horário de atendimento foi estendido até as 20h.,info
Recebemos seu depósito de R$ 891. O saldo será atualizado em breve.,payment
Recebemos seu depósito de R$ 323. O saldo será atualizado em breve.,payment
Seu boleto de R$ 654 vence amanhã. Pague agora e evite juros.,payment
Saiba como economizar usando nossa nova ferramenta de metas.,info
Consulte seu extrato detalhado no menu 'Finanças'.,info
Saiba como economizar usando nossa nova ferramenta de metas.,info
Urgente: Sua conta foi bloqueada. Clique no link para regularizar: bit.ly/seguranca-ban,fraud
Parabéns! Você ganhou um prêmio. Resgate clicando no link: seguro.vcc.com/atualizar,fraud
Recebemos seu depósito de R$ 513. O saldo será atualizado em breve.,payment
Seu boleto de R$ 966 vence amanhã. Pague agora e evite juros.,payment
O banco Itaú deseja um ótimo dia para você!,info
Consulte seu extrato detalhado no menu 'Finanças'.,info
Sua senha expira em 24h. Atualize aqui para evitar bloqueio: bit.ly/seguranca-ban,fraud
Descubra as vantagens de ser um cliente Premium.,info
"Olá, como posso ajudar você hoje?",info
Descubra as vantagens de ser um cliente Premium.,info
Informativo: Sua conta agora tem acesso a novos fundos de investimento.,alert
Aviso: O limite do seu cartão está próximo do fim.,alert
O banco Itaú deseja um ótimo dia para você!,info
Alerta de segurança: Novo dispositivo conectado. Desconheça aqui: seguro.vcc.com/atualizar,fraud
Consulte seu extrato detalhado no menu 'Finanças'.,info
Alerta de segurança: Novo dispositivo conectado. Desconheça aqui: linkp.site/verificar,fraud
Notificação: Manutenção programada no sistema no dia sábado.,alert
Dica de segurança: Nunca forneça sua senha a terceiros por telefone.,alert
Alerta de segurança: Novo dispositivo conectado. Desconheça aqui: bit.ly/seguranca-ban,fraud
Notificação: Manutenção programada no sistema no dia sábado.,alert
Veja aqui o resumo dos seus gastos no último mês.,info
Alerta: Detectamos uma oscilação na sua conexão com o banco.,alert
Alerta: Detectamos uma oscilação na sua conexão com o banco.,alert
Comunicado importante sobre as taxas da sua conta corrente.,alert
Dica de segurança: Nunca forneça sua senha a terceiros por telefone.,alert
Transferência agendada com sucesso para Ana Costa no dia 15/05/2026.,payment
Alerta: Detectamos uma oscilação na sua conexão com o banco.,alert
Transferência agendada com sucesso para João Silva no dia 15/05/2026.,payment
Alerta de segurança: Novo dispositivo conectado. Desconheça aqui: bit.ly/seguranca-ban,fraud
Lembrete: Atualize seu endereço no aplicativo para continuar recebendo faturas.,alert
Sua conta Itaú precisa de verificação imediata. Acesse: bit.ly/seguranca-ban,fraud
Informação: O horário de atendimento foi estendido até as 20h.,info
Notificação: Manutenção programada no sistema no dia sábado.,alert
Débito automático de R$ 239 realizado hoje.,payment
Deseja saber mais sobre nossos planos de previdência?,info
Use o QR Code abaixo para realizar seu pagamento na Mercado Livre.,payment
Sua fatura do mês Abril já está disponível para pagamento.,payment
Informativo: Sua conta agora tem acesso a novos fundos de investimento.,alert
Informativo: Sua conta agora tem acesso a novos fundos de investimento.,alert
Deseja saber mais sobre nossos planos de previdência?,info
Informação: O horário de atendimento foi estendido até as 20h.,info
Lembrete: Atualize seu endereço no aplicativo para continuar recebendo faturas.,alert
Informativo: Sua conta agora tem acesso a novos fundos de investimento.,alert
Alerta de segurança: Novo dispositivo conectado. Desconheça aqui: seguro.vcc.com/atualizar,fraud
Seu cartão de crédito final 2969 foi aprovado. Limite de R$ 138.,payment
Detectamos uma tentativa de invasão. Confirme seus dados agora: seguro.vcc.com/atualizar,fraud
Transferência agendada com sucesso para João Silva no dia 15/05/2026.,payment
Sua senha expira em 24h. Atualize aqui para evitar bloqueio: seguro.vcc.com/atualizar,fraud
Sua senha expira em 24h. Atualize aqui para evitar bloqueio: seguro.vcc.com/atualizar,fraud
Alerta: Detectamos uma oscilação na sua conexão com o banco.,alert
Lembrete: Atualize seu endereço no aplicativo para continuar recebendo faturas.,alert
Alerta de segurança: Novo dispositivo conectado. Desconheça aqui: bit.ly/seguranca-ban,fraud
Detectamos uma tentativa de invasão. Confirme seus dados agora: seguro.vcc.com/atualizar,fraud
Atenção: Novas regras de segurança para transferências via PIX.,alert
Aviso: O limite do seu cartão está próximo do fim.,alert
Informação: O horário de atendimento foi estendido até as 20h.,info
Recebemos seu depósito de R$ 252. O saldo será atualizado em breve.,payment
"Aviso: Transferência suspeita de R$ 3733 detectada. Se não foi você, clique: bit.ly/seguranca-ban",fraud
Sua fatura do mês Janeiro já está disponível para pagamento.,payment
"Olá, como posso ajudar você hoje?",info
Informação: O horário de atendimento foi estendido até as 20h.,info
"Olá, como posso ajudar você hoje?",info
Urgente: Sua conta foi bloqueada. Clique no link para regularizar: bit.ly/seguranca-ban,fraud
Aviso: O limite do seu cartão está próximo do fim.,alert
Veja aqui o resumo dos seus gastos no último mês.,info
Urgente: Sua conta foi bloqueada. Clique no link para regularizar: linkp.site/verificar,fraud
Alerta de segurança: Novo dispositivo conectado. Desconheça aqui: linkp.site/verificar,fraud
Comunicado importante sobre as taxas da sua conta corrente.,alert
Comunicado importante sobre as taxas da sua conta corrente.,alert
"Aviso: Transferência suspeita de R$ 507 detectada. Se não foi você, clique: linkp.site/verificar",fraud
"Aviso: Transferência suspeita de R$ 1523 detectada. Se não foi você, clique: bit.ly/seguranca-ban",fraud
Débito automático de R$ 619 realizado hoje.,payment
Deseja saber mais sobre nossos planos de previdência?,info
Saiba como economizar usando nossa nova ferramenta de metas.,info
Consulte seu extrato detalhado no menu 'Finanças'.,info
Sua conta Santander precisa de verificação imediata. Acesse: linkp.site/verificar,fraud
Alerta de segurança: Novo dispositivo conectado. Desconheça aqui: seguro.vcc.com/atualizar,fraud
Sua conta Inter precisa de verificação imediata. Acesse: bit.ly/seguranca-ban,fraud
Comunicado importante sobre as taxas da sua conta corrente.,alert
Detectamos uma tentativa de invasão. Confirme seus dados agora: seguro.vcc.com/atualizar,fraud
Comunicado importante sobre as taxas da sua conta corrente.,alert
Seu cartão de crédito final 3334 foi aprovado. Limite de R$ 116.,payment
Informativo: Sua conta agora tem acesso a novos fundos de investimento.,alert
Alerta de segurança: Novo dispositivo conectado. Desconheça aqui: seguro.vcc.com/atualizar,fraud
Detectamos uma tentativa de invasão. Confirme seus dados agora: linkp.site/verificar,fraud
Deseja saber mais sobre nossos planos de previdência?,info
"Aviso: Transferência suspeita de R$ 1010 detectada. Se não foi você, clique: seguro.vcc.com/atualizar",fraud
Urgente: Sua conta foi bloqueada. Clique no link para regularizar: linkp.site/verificar,fraud
"Aviso: Transferência suspeita de R$ 2126 detectada. Se não foi você, clique: bit.ly/seguranca-ban",fraud
Dica de segurança: Nunca forneça sua senha a terceiros por telefone.,alert
O banco Santander deseja um ótimo dia para você!,info
Confirmação de pagamento via PIX no valor de R$ 379 para Ana Costa.,payment
"Aviso: Transferência suspeita de R$ 4574 detectada. Se não foi você, clique: linkp.site/verificar",fraud
Aviso: O limite do seu cartão está próximo do fim.,alert
Atenção: Novas regras de segurança para transferências via PIX.,alert
Sua senha expira em 24h. Atualize aqui para evitar bloqueio: linkp.site/verificar,fraud
"Aviso: Transferência suspeita de R$ 2936 detectada. Se não foi você, clique: linkp.site/verificar",fraud
"Olá, como posso ajudar você hoje?",info
Comunicado importante sobre as taxas da sua conta corrente.,alert
Dica de segurança: Nunca forneça sua senha a terceiros por telefone.,alert
Urgente: Sua conta foi bloqueada. Clique no link para regularizar: linkp.site/verificar,fraud
Comunicado importante sobre as taxas da sua conta corrente.,alert
Confirmação de pagamento via PIX no valor de R$ 960 para Carlos Souza.,payment
Sua conta Inter precisa de verificação imediata. Acesse: bit.ly/seguranca-ban,fraud
Comunicado importante sobre as taxas da sua conta corrente.,alert
Aviso: O limite do seu cartão está próximo do fim.,alert
Veja aqui o resumo dos seus gastos no último mês.,info
Informativo: Sua conta agora tem acesso a novos fundos de investimento.,alert
Saiba como economizar usando nossa nova ferramenta de metas.,info
Lembrete: Atualize seu endereço no aplicativo para continuar recebendo faturas.,alert
Atenção: Novas regras de segurança para transferências via PIX.,alert
Deseja saber mais sobre nossos planos de previdência?,info
Confirmação de pagamento via PIX no valor de R$ 271 para Ana Costa.,payment
Informativo: Sua conta agora tem acesso a novos fundos de investimento.,alert
Urgente: Sua conta foi bloqueada. Clique no link para regularizar: seguro.vcc.com/atualizar,fraud
Veja aqui o resumo dos seus gastos no último mês.,info
Recebemos seu depósito de R$ 845. O saldo será atualizado em breve.,payment
Alerta de segurança: Novo dispositivo conectado. Desconheça aqui: seguro.vcc.com/atualizar,fraud
Alerta de segurança: Novo dispositivo conectado. Desconheça aqui: linkp.site/verificar,fraud
Veja aqui o resumo dos seus gastos no último mês.,info
"Aviso: Transferência suspeita de R$ 2959 detectada. Se não foi você, clique: bit.ly/seguranca-ban",fraud
Lembrete: Atualize seu endereço no aplicativo para continuar recebendo faturas.,alert
Saiba como economizar usando nossa nova ferramenta de metas.,info
"Olá, como posso ajudar você hoje?",info
Comunicado importante sobre as taxas da sua conta corrente.,alert
Sua conta Itaú precisa de verificação imediata. Acesse: bit.ly/seguranca-ban,fraud
Recebemos um pedido de alteração de dados. Não foi você? seguro.vcc.com/atualizar,fraud
Descubra as vantagens de ser um cliente Premium.,info
Detectamos uma tentativa de invasão. Confirme seus dados agora: seguro.vcc.com/atualizar,fraud
Sua senha expira em 24h. Atualize aqui para evitar bloqueio: linkp.site/verificar,fraud
Atenção: Novas regras de segurança para transferências via PIX.,alert
Confirmação de pagamento via PIX no valor de R$ 131 para João Silva.,payment
"Olá, como posso ajudar você hoje?",info
Urgente: Sua conta foi bloqueada. Clique no link para regularizar: linkp.site/verificar,fraud
Consulte seu extrato detalhado no menu 'Finanças'.,info
Deseja saber mais sobre nossos planos de previdência?,info
Sua conta Bradesco precisa de verificação imediata. Acesse: seguro.vcc.com/atualizar,fraud
Urgente: Sua conta foi bloqueada. Clique no link para regularizar: seguro.vcc.com/atualizar,fraud
Notificação: Manutenção programada no sistema no dia sábado.,alert
Atenção: Novas regras de segurança para transferências via PIX.,alert
Sua senha expira em 24h. Atualize aqui para evitar bloqueio: seguro.vcc.com/atualizar,fraud
Consulte seu extrato detalhado no menu 'Finanças'.,info
Recebemos um pedido de alteração de dados. Não foi você? linkp.site/verificar,fraud
Sua conta Inter precisa de verificação imediata. Acesse: linkp.site/verificar,fraud
Seu cartão de crédito final 3303 foi aprovado. Limite de R$ 450.,payment
Use o QR Code abaixo para realizar seu pagamento na Magazine Luiza.,payment
Recebemos um pedido de alteração de dados. Não foi você? bit.ly/seguranca-ban,fraud
Urgente: Sua conta foi bloqueada. Clique no link para regularizar: bit.ly/seguranca-ban,fraud
Confirmação de pagamento via PIX no valor de R$ 907 para Maria Oliveira.,payment
Use o QR Code abaixo para realizar seu pagamento na Magazine Luiza.,payment
Sua fatura do mês Fevereiro já está disponível para pagamento.,payment
Consulte seu extrato detalhado no menu 'Finanças'.,info
"Olá, como posso ajudar você hoje?",info
Comunicado importante sobre as taxas da sua conta corrente.,alert
Seu boleto de R$ 432 vence amanhã. Pague agora e evite juros.,payment
Sua fatura do mês Junho já está disponível para pagamento.,payment
Parabéns! Você ganhou um prêmio. Resgate clicando no link: linkp.site/verificar,fraud
Notificação: Manutenção programada no sistema no dia sábado.,alert
Alerta de segurança: Novo dispositivo conectado. Desconheça aqui: seguro.vcc.com/atualizar,fraud
Confirmação de pagamento via PIX no valor de R$ 739 para Maria Oliveira.,payment
Sua conta Itaú precisa de verificação imediata. Acesse: bit.ly/seguranca-ban,fraud
Comunicado importante sobre as taxas da sua conta corrente.,alert
Débito automático de R$ 413 realizado hoje.,payment
Informativo: Sua conta agora tem acesso a novos fundos de investimento.,alert
Saiba como economizar usando nossa nova ferramenta de metas.,info
Sua senha expira em 24h. Atualize aqui para evitar bloqueio: linkp.site/verificar,fraud
Confirmação de pagamento via PIX no valor de R$ 701 para Carlos Souza.,payment
Use o QR Code abaixo para realizar seu pagamento na Posto Shell.,payment
Notificação: Manutenção programada no sistema no dia sábado.,alert
"Aviso: Transferência suspeita de R$ 2420 detectada. Se não foi você, clique: bit.ly/seguranca-ban",fraud
Sua fatura do mês Janeiro já está disponível para pagamento.,payment
Descubra as vantagens de ser um cliente Premium.,info
Sua senha expira em 24h. Atualize aqui para evitar bloqueio: bit.ly/seguranca-ban,fraud
Débito automático de R$ 217 realizado hoje.,payment
Parabéns! Você ganhou um prêmio. Resgate clicando no link: bit.ly/seguranca-ban,fraud
Informação: O horário de atendimento foi estendido até as 20h.,info
Use o QR Code abaixo para realizar seu pagamento na Amazon.,payment
Comunicado importante sobre as taxas da sua conta corrente.,alert
Notificação: Manutenção programada no sistema no dia sábado.,alert
Informação: O horário de atendimento foi estendido até as 20h.,info
Sua senha expira em 24h. Atualize aqui para evitar bloqueio: linkp.site/verificar,fraud
Comunicado importante sobre as taxas da sua conta corrente.,alert
O banco Inter deseja um ótimo dia para você!,info
Sua senha expira em 24h. Atualize aqui para evitar bloqueio: seguro.vcc.com/atualizar,fraud
Sua fatura do mês Abril já está disponível para pagamento.,payment
Sua senha expira em 24h. Atualize aqui para evitar bloqueio: bit.ly/seguranca-ban,fraud
Descubra as vantagens de ser um cliente Premium.,info
"Olá, como posso ajudar você hoje?",info
Veja aqui o resumo dos seus gastos no último mês.,info
Transferência agendada com sucesso para Maria Oliveira no dia 15/05/2026.,payment
Informação: O horário de atendimento foi estendido até as 20h.,info
Informação: O horário de atendimento foi estendido até as 20h.,info
"Olá, como posso ajudar você hoje?",info
Consulte seu extrato detalhado no menu 'Finanças'.,info
Sua fatura do mês Janeiro já está disponível para pagamento.,payment
"Aviso: Transferência suspeita de R$ 2577 detectada. Se não foi você, clique: bit.ly/seguranca-ban",fraud
Sua fatura do mês Abril já está disponível para pagamento.,payment
Sua senha expira em 24h. Atualize aqui para evitar bloqueio: seguro.vcc.com/atualizar,fraud
Parabéns! Você ganhou um prêmio. Resgate clicando no link: bit.ly/seguranca-ban,fraud
"Olá, como posso ajudar você hoje?",info
Veja aqui o resumo dos seus gastos no último mês.,info
Seu cartão de crédito final 9409 foi aprovado. Limite de R$ 392.,payment
Recebemos seu depósito de R$ 724. O saldo será atualizado em breve.,payment
O banco Banco do Brasil deseja um ótimo dia para você!,info
Seu cartão de crédito final 8223 foi aprovado. Limite de R$ 570.,payment
Sua fatura do mês Janeiro já está disponível para pagamento.,payment
Informativo: Sua conta agora tem acesso a novos fundos de investimento.,alert
Sua conta Inter precisa de verificação imediata. Acesse: seguro.vcc.com/atualizar,fraud
Veja aqui o resumo dos seus gastos no último mês.,info
Confirmação de pagamento via PIX no valor de R$ 765 para João Silva.,payment
Lembrete: Atualize seu endereço no aplicativo para continuar recebendo faturas.,alert
"Aviso: Transferência suspeita de R$ 2892 detectada. Se não foi você, clique: bit.ly/seguranca-ban",fraud
Recebemos um pedido de alteração de dados. Não foi você? bit.ly/seguranca-ban,fraud
Transferência agendada com sucesso para Ana Costa no dia 15/05/2026.,payment
Sua fatura do mês Abril já está disponível para pagamento.,payment
Descubra as vantagens de ser um cliente Premium.,info
Seu cartão de crédito final 5167 foi aprovado. Limite de R$ 848.,payment
Parabéns! Você ganhou um prêmio. Resgate clicando no link: linkp.site/verificar,fraud
Confirmação de pagamento via PIX no valor de R$ 690 para Carlos Souza.,payment
Saiba como economizar usando nossa nova ferramenta de metas.,info
Sua fatura do mês Janeiro já está disponível para pagamento.,payment
Aviso: O limite do seu cartão está próximo do fim.,alert
Alerta de segurança: Novo dispositivo conectado. Desconheça aqui: bit.ly/seguranca-ban,fraud
Parabéns! Você ganhou um prêmio. Resgate clicando no link: bit.ly/seguranca-ban,fraud
Sua fatura do mês Junho já está disponível para pagamento.,payment
"Olá, como posso ajudar você hoje?",info
Atenção: Novas regras de segurança para transferências via PIX.,alert
Seu cartão de crédito final 8864 foi aprovado. Limite de R$ 490.,payment
Débito automático de R$ 488 realizado hoje.,payment
Recebemos seu depósito de R$ 718. O saldo será atualizado em breve.,payment
Atenção: Novas regras de segurança para transferências via PIX.,alert
"Aviso: Transferência suspeita de R$ 1282 detectada. Se não foi você, clique: bit.ly/seguranca-ban",fraud
Urgente: Sua conta foi bloqueada. Clique no link para regularizar: linkp.site/verificar,fraud
Comunicado importante sobre as taxas da sua conta corrente.,alert
Detectamos uma tentativa de invasão. Confirme seus dados agora: bit.ly/seguranca-ban,fraud
O banco Itaú deseja um ótimo dia para você!,info
"Aviso: Transferência suspeita de R$ 860 detectada. Se não foi você, clique: bit.ly/seguranca-ban",fraud
Veja aqui o resumo dos seus gastos no último mês.,info
Veja aqui o resumo dos seus gastos no último mês.,info
"Aviso: Transferência suspeita de R$ 2419 detectada. Se não foi você, clique: bit.ly/seguranca-ban",fraud
Recebemos seu depósito de R$ 34. O saldo será atualizado em breve.,payment
Débito automático de R$ 532 realizado hoje.,payment
Saiba como economizar usando nossa nova ferramenta de metas.,info
Sua senha expira em 24h. Atualize aqui para evitar bloqueio: seguro.vcc.com/atualizar,fraud
Saiba como economizar usando nossa nova ferramenta de metas.,info
Confirmação de pagamento via PIX no valor de R$ 56 para João Silva.,payment
Aviso: O limite do seu cartão está próximo do fim.,alert
"Olá, como posso ajudar você hoje?",info
Descubra as vantagens de ser um cliente Premium.,info
Saiba como economizar usando nossa nova ferramenta de metas.,info
O banco Nubank deseja um ótimo dia para você!,info
Informativo: Sua conta agora tem acesso a novos fundos de investimento.,alert
Sua senha expira em 24h. Atualize aqui para evitar bloqueio: linkp.site/verificar,fraud
Detectamos uma tentativa de invasão. Confirme seus dados agora: linkp.site/verificar,fraud
"Aviso: Transferência suspeita de R$ 2071 detectada. Se não foi você, clique: bit.ly/seguranca-ban",fraud
Confirmação de pagamento via PIX no valor de R$ 286 para Ana Costa.,payment
Dica de segurança: Nunca forneça sua senha a terceiros por telefone.,alert
Seu cartão de crédito final 4930 foi aprovado. Limite de R$ 73.,payment
Alerta: Detectamos uma oscilação na sua conexão com o banco.,alert
Seu cartão de crédito final 9765 foi aprovado. Limite de R$ 956.,payment
Recebemos seu depósito de R$ 799. O saldo será atualizado em breve.,payment
"Aviso: Transferência suspeita de R$ 1436 detectada. Se não foi você, clique: bit.ly/seguranca-ban",fraud
O banco Santander deseja um ótimo dia para você!,info
Recebemos um pedido de alteração de dados. Não foi você? linkp.site/verificar,fraud
Urgente: Sua conta foi bloqueada. Clique no link para regularizar: seguro.vcc.com/atualizar,fraud
Transferência agendada com sucesso para Carlos Souza no dia 15/05/2026.,payment
Use o QR Code abaixo para realizar seu pagamento na Magazine Luiza.,payment
Lembrete: Atualize seu endereço no aplicativo para continuar recebendo faturas.,alert
Alerta: Detectamos uma oscilação na sua conexão com o banco.,alert
Sua senha expira em 24h. Atualize aqui para evitar bloqueio: seguro.vcc.com/atualizar,fraud
Consulte seu extrato detalhado no menu 'Finanças'.,info
"Aviso: Transferência suspeita de R$ 914 detectada. Se não foi você, clique: seguro.vcc.com/atualizar",fraud
Informação: O horário de atendimento foi estendido até as 20h.,info
Descubra as vantagens de ser um cliente Premium.,info
Urgente: Sua conta foi bloqueada. Clique no link para regularizar: linkp.site/verificar,fraud
Detectamos uma tentativa de invasão. Confirme seus dados agora: linkp.site/verificar,fraud
Confirmação de pagamento via PIX no valor de R$ 355 para Ana Costa.,payment
Parabéns! Você ganhou um prêmio. Resgate clicando no link: bit.ly/seguranca-ban,fraud
Veja aqui o resumo dos seus gastos no último mês.,info
O banco Itaú deseja um ótimo dia para você!,info
Alerta de segurança: Novo dispositivo conectado. Desconheça aqui: bit.ly/seguranca-ban,fraud
Veja aqui o resumo dos seus gastos no último mês.,info
Recebemos seu depósito de R$ 865. O saldo será atualizado em breve.,payment
Notificação: Manutenção programada no sistema no dia sábado.,alert
Sua fatura do mês Janeiro já está disponível para pagamento.,payment
Urgente: Sua conta foi bloqueada. Clique no link para regularizar: linkp.site/verificar,fraud
Recebemos seu depósito de R$ 927. O saldo será atualizado em breve.,payment
Comunicado importante sobre as taxas da sua conta corrente.,alert
Recebemos um pedido de alteração de dados. Não foi você? linkp.site/verificar,fraud
Aviso: O limite do seu cartão está próximo do fim.,alert
Urgente: Sua conta foi bloqueada. Clique no link para regularizar: bit.ly/seguranca-ban,fraud
Seu boleto de R$ 414 vence amanhã. Pague agora e evite juros.,payment
Dica de segurança: Nunca forneça sua senha a terceiros por telefone.,alert
Sua conta Banco do Brasil precisa de verificação imediata. Acesse: bit.ly/seguranca-ban,fraud
Sua senha expira em 24h. Atualize aqui para evitar bloqueio: linkp.site/verificar,fraud
Recebemos seu depósito de R$ 452. O saldo será atualizado em breve.,payment
Recebemos um pedido de alteração de dados. Não foi você? bit.ly/seguranca-ban,fraud
Use o QR Code abaixo para realizar seu pagamento na Magazine Luiza.,payment
Confirmação de pagamento via PIX no valor de R$ 478 para Carlos Souza.,payment
Comunicado importante sobre as taxas da sua conta corrente.,alert
"Olá, como posso ajudar você hoje?",info
Deseja saber mais sobre nossos planos de previdência?,info
O banco Santander deseja um ótimo dia para você!,info
Informativo: Sua conta agora tem acesso a novos fundos de investimento.,alert
"Aviso: Transferência suspeita de R$ 1473 detectada. Se não foi você, clique: linkp.site/verificar",fraud
Atenção: Novas regras de segurança para transferências via PIX.,alert
Comunicado importante sobre as taxas da sua conta corrente.,alert
"Aviso: Transferência suspeita de R$ 1750 detectada. Se não foi você, clique: seguro.vcc.com/atualizar",fraud
Informação: O horário de atendimento foi estendido até as 20h.,info
Descubra as vantagens de ser um cliente Premium.,info
"Olá, como posso ajudar você hoje?",info
Sua fatura do mês Maio já está disponível para pagamento.,payment
Alerta de segurança: Novo dispositivo conectado. Desconheça aqui: bit.ly/seguranca-ban,fraud
Use o QR Code abaixo para realizar seu pagamento na Posto Shell.,payment
Parabéns! Você ganhou um prêmio. Resgate clicando no link: linkp.site/verificar,fraud
Aviso: O limite do seu cartão está próximo do fim.,alert
Sua senha expira em 24h. Atualize aqui para evitar bloqueio: bit.ly/seguranca-ban,fraud
Veja aqui o resumo dos seus gastos no último mês.,info
Confirmação de pagamento via PIX no valor de R$ 474 para João Silva.,payment
Sua fatura do mês Março já está disponível para pagamento.,payment
Sua senha expira em 24h. Atualize aqui para evitar bloqueio: linkp.site/verificar,fraud
Seu cartão de crédito final 2251 foi aprovado. Limite de R$ 174.,payment
Use o QR Code abaixo para realizar seu pagamento na Posto Shell.,payment
Alerta: Detectamos uma oscilação na sua conexão com o banco.,alert
Sua fatura do mês Maio já está disponível para pagamento.,payment
Débito automático de R$ 680 realizado hoje.,payment
Use o QR Code abaixo para realizar seu pagamento na Amazon.,payment
Dica de segurança: Nunca forneça sua senha a terceiros por telefone.,alert
Dica de segurança: Nunca forneça sua senha a terceiros por telefone.,alert
Confirmação de pagamento via PIX no valor de R$ 692 para Ana Costa.,payment
Comunicado importante sobre as taxas da sua conta corrente.,alert
Descubra as vantagens de ser um cliente Premium.,info
Alerta de segurança: Novo dispositivo conectado. Desconheça aqui: linkp.site/verificar,fraud
Parabéns! Você ganhou um prêmio. Resgate clicando no link: seguro.vcc.com/atualizar,fraud
Alerta: Detectamos uma oscilação na sua conexão com o banco.,alert
Atenção: Novas regras de segurança para transferências via PIX.,alert
Sua senha expira em 24h. Atualize aqui para evitar bloqueio: seguro.vcc.com/atualizar,fraud
Alerta: Detectamos uma oscilação na sua conexão com o banco.,alert
Alerta de segurança: Novo dispositivo conectado. Desconheça aqui: seguro.vcc.com/atualizar,fraud
"Aviso: Transferência suspeita de R$ 4184 detectada. Se não foi você, clique: bit.ly/seguranca-ban",fraud
Consulte seu extrato detalhado no menu 'Finanças'.,info
Informação: O horário de atendimento foi estendido até as 20h.,info
Informativo: Sua conta agora tem acesso a novos fundos de investimento.,alert
Saiba como economizar usando nossa nova ferramenta de metas.,info
Sua conta Nubank precisa de verificação imediata. Acesse: seguro.vcc.com/atualizar,fraud
Aviso: O limite do seu cartão está próximo do fim.,alert
Consulte seu extrato detalhado no menu 'Finanças'.,info
O banco Nubank deseja um ótimo dia para você!,info
Confirmação de pagamento via PIX no valor de R$ 722 para Maria Oliveira.,payment
Atenção: Novas regras de segurança para transferências via PIX.,alert
Alerta: Detectamos uma oscilação na sua conexão com o banco.,alert
Recebemos um pedido de alteração de dados. Não foi você? bit.ly/seguranca-ban,fraud
Seu boleto de R$ 590 vence amanhã. Pague agora e evite juros.,payment
Informativo: Sua conta agora tem acesso a novos fundos de investimento.,alert
Informativo: Sua conta agora tem acesso a novos fundos de investimento.,alert
Transferência agendada com sucesso para Ana Costa no dia 15/05/2026.,payment
Saiba como economizar usando nossa nova ferramenta de metas.,info
Detectamos uma tentativa de invasão. Confirme seus dados agora: bit.ly/seguranca-ban,fraud
Transferência agendada com sucesso para Maria Oliveira no dia 15/05/2026.,payment
Seu boleto de R$ 411 vence amanhã. Pague agora e evite juros.,payment
Notificação: Manutenção programada no sistema no dia sábado.,alert
Seu cartão de crédito final 2912 foi aprovado. Limite de R$ 554.,payment
Sua senha expira em 24h. Atualize aqui para evitar bloqueio: linkp.site/verificar,fraud
Transferência agendada com sucesso para Maria Oliveira no dia 15/05/2026.,payment
Sua senha expira em 24h. Atualize aqui para evitar bloqueio: seguro.vcc.com/atualizar,fraud
Seu boleto de R$ 246 vence amanhã. Pague agora e evite juros.,payment
Alerta de segurança: Novo dispositivo conectado. Desconheça aqui: bit.ly/seguranca-ban,fraud
Seu boleto de R$ 997 vence amanhã. Pague agora e evite juros.,payment
Sua conta Nubank precisa de verificação imediata. Acesse: bit.ly/seguranca-ban,fraud
Informativo: Sua conta agora tem acesso a novos fundos de investimento.,alert
Lembrete: Atualize seu endereço no aplicativo para continuar recebendo faturas.,alert
Informativo: Sua conta agora tem acesso a novos fundos de investimento.,alert
Consulte seu extrato detalhado no menu 'Finanças'.,info
Confirmação de pagamento via PIX no valor de R$ 175 para Ana Costa.,payment
Recebemos seu depósito de R$ 247. O saldo será atualizado em breve.,payment
Notificação: Manutenção programada no sistema no dia sábado.,alert
Confirmação de pagamento via PIX no valor de R$ 634 para Ana Costa.,payment
Alerta de segurança: Novo dispositivo conectado. Desconheça aqui: linkp.site/verificar,fraud
Atenção: Novas regras de segurança para transferências via PIX.,alert
Urgente: Sua conta foi bloqueada. Clique no link para regularizar: linkp.site/verificar,fraud
Aviso: O limite do seu cartão está próximo do fim.,alert
Sua fatura do mês Março já está disponível para pagamento.,payment
Seu boleto de R$ 34 vence amanhã. Pague agora e evite juros.,payment
Informação: O horário de atendimento foi estendido até as 20h.,info
Parabéns! Você ganhou um prêmio. Resgate clicando no link: bit.ly/seguranca-ban,fraud
Saiba como economizar usando nossa nova ferramenta de metas.,info
Seu boleto de R$ 447 vence amanhã. Pague agora e evite juros.,payment
Notificação: Manutenção programada no sistema no dia sábado.,alert
Dica de segurança: Nunca forneça sua senha a terceiros por telefone.,alert
Parabéns! Você ganhou um prêmio. Resgate clicando no link: linkp.site/verificar,fraud
Saiba como economizar usando nossa nova ferramenta de metas.,info
Recebemos seu depósito de R$ 712. O saldo será atualizado em breve.,payment
Notificação: Manutenção programada no sistema no dia sábado.,alert
Seu cartão de crédito final 7196 foi aprovado. Limite de R$ 878.,payment
Comunicado importante sobre as taxas da sua conta corrente.,alert
Recebemos seu depósito de R$ 610. O saldo será atualizado em breve.,payment
Sua senha expira em 24h. Atualize aqui para evitar bloqueio: seguro.vcc.com/atualizar,fraud
Informação: O horário de atendimento foi estendido até as 20h.,info
O banco Itaú deseja um ótimo dia para você!,info
O banco Itaú deseja um ótimo dia para você!,info
Use o QR Code abaixo para realizar seu pagamento na Mercado Livre.,payment
Alerta: Detectamos uma oscilação na sua conexão com o banco.,alert
Sua fatura do mês Junho já está disponível para pagamento.,payment
Aviso: O limite do seu cartão está próximo do fim.,alert
Veja aqui o resumo dos seus gastos no último mês.,info
Seu cartão de crédito final 5014 foi aprovado. Limite de R$ 889.,payment
Alerta: Detectamos uma oscilação na sua conexão com o banco.,alert
Comunicado importante sobre as taxas da sua conta corrente.,alert
Transferência agendada com sucesso para Maria Oliveira no dia 15/05/2026.,payment
Saiba como economizar usando nossa nova ferramenta de metas.,info
O banco Nubank deseja um ótimo dia para você!,info
Recebemos seu depósito de R$ 818. O saldo será atualizado em breve.,payment
Use o QR Code abaixo para realizar seu pagamento na Amazon.,payment
Recebemos seu depósito de R$ 63. O saldo será atualizado em breve.,payment
Saiba como economizar usando nossa nova ferramenta de metas.,info
Atenção: Novas regras de segurança para transferências via PIX.,alert
Saiba como economizar usando nossa nova ferramenta de metas.,info
Comunicado importante sobre as taxas da sua conta corrente.,alert
Informativo: Sua conta agora tem acesso a novos fundos de investimento.,alert
Recebemos seu depósito de R$ 901. O saldo será atualizado em breve.,payment
Detectamos uma tentativa de invasão. Confirme seus dados agora: bit.ly/seguranca-ban,fraud
Transferência agendada com sucesso para Ana Costa no dia 15/05/2026.,payment
Veja aqui o resumo dos seus gastos no último mês.,info
"Aviso: Transferência suspeita de R$ 2199 detectada. Se não foi você, clique: seguro.vcc.com/atualizar",fraud
Seu cartão de crédito final 4211 foi aprovado. Limite de R$ 900.,payment
O banco Santander deseja um ótimo dia para você!,info
Sua senha expira em 24h. Atualize aqui para evitar bloqueio: seguro.vcc.com/atualizar,fraud
Seu boleto de R$ 201 vence amanhã. Pague agora e evite juros.,payment
Urgente: Sua conta foi bloqueada. Clique no link para regularizar: linkp.site/verificar,fraud
Seu boleto de R$ 510 vence amanhã. Pague agora e evite juros.,payment
Sua senha expira em 24h. Atualize aqui para evitar bloqueio: seguro.vcc.com/atualizar,fraud
Comunicado importante sobre as taxas da sua conta corrente.,alert
Deseja saber mais sobre nossos planos de previdência?,info
Detectamos uma tentativa de invasão. Confirme seus dados agora: seguro.vcc.com/atualizar,fraud
Débito automático de R$ 973 realizado hoje.,payment
Alerta: Detectamos uma oscilação na sua conexão com o banco.,alert
Seu cartão de crédito final 9865 foi aprovado. Limite de R$ 829.,payment
Recebemos um pedido de alteração de dados. Não foi você? seguro.vcc.com/atualizar,fraud
Detectamos uma tentativa de invasão. Confirme seus dados agora: linkp.site/verificar,fraud
Alerta de segurança: Novo dispositivo conectado. Desconheça aqui: bit.ly/seguranca-ban,fraud
Débito automático de R$ 256 realizado hoje.,payment
Lembrete: Atualize seu endereço no aplicativo para continuar recebendo faturas.,alert
Transferência agendada com sucesso para João Silva no dia 15/05/2026.,payment
Urgente: Sua conta foi bloqueada. Clique no link para regularizar: seguro.vcc.com/atualizar,fraud
Use o QR Code abaixo para realizar seu pagamento na Magazine Luiza.,payment
Atenção: Novas regras de segurança para transferências via PIX.,alert
Recebemos seu depósito de R$ 651. O saldo será atualizado em breve.,payment
Transferência agendada com sucesso para Maria Oliveira no dia 15/05/2026.,payment
Use o QR Code abaixo para realizar seu pagamento na Amazon.,payment
Use o QR Code abaixo para realizar seu pagamento na Magazine Luiza.,payment
Parabéns! Você ganhou um prêmio. Resgate clicando no link: seguro.vcc.com/atualizar,fraud
Lembrete: Atualize seu endereço no aplicativo para continuar recebendo faturas.,alert
Comunicado importante sobre as taxas da sua conta corrente.,alert
Deseja saber mais sobre nossos planos de previdência?,info
Veja aqui o resumo dos seus gastos no último mês.,info
Transferência agendada com sucesso para João Silva no dia 15/05/2026.,payment
Urgente: Sua conta foi bloqueada. Clique no link para regularizar: seguro.vcc.com/atualizar,fraud
Alerta de segurança: Novo dispositivo conectado. Desconheça aqui: seguro.vcc.com/atualizar,fraud
Sua senha expira em 24h. Atualize aqui para evitar bloqueio: bit.ly/seguranca-ban,fraud
Consulte seu extrato detalhado no menu 'Finanças'.,info
Saiba como economizar usando nossa nova ferramenta de metas.,info
Urgente: Sua conta foi bloqueada. Clique no link para regularizar: linkp.site/verificar,fraud
Seu cartão de crédito final 5254 foi aprovado. Limite de R$ 189.,payment
Sua conta Inter precisa de verificação imediata. Acesse: bit.ly/seguranca-ban,fraud
Seu boleto de R$ 640 vence amanhã. Pague agora e evite juros.,payment
Informativo: Sua conta agora tem acesso a novos fundos de investimento.,alert
Recebemos um pedido de alteração de dados. Não foi você? seguro.vcc.com/atualizar,fraud
Consulte seu extrato detalhado no menu 'Finanças'.,info
"Olá, como posso ajudar você hoje?",info
Recebemos seu depósito de R$ 458. O saldo será atualizado em breve.,payment
Seu boleto de R$ 90 vence amanhã. Pague agora e evite juros.,payment
Use o QR Code abaixo para realizar seu pagamento na Posto Shell.,payment
Recebemos seu depósito de R$ 993. O saldo será atualizado em breve.,payment
Seu cartão de crédito final 2801 foi aprovado. Limite de R$ 563.,payment
Comunicado importante sobre as taxas da sua conta corrente.,alert
Notificação: Manutenção programada no sistema no dia sábado.,alert
"Aviso: Transferência suspeita de R$ 3838 detectada. Se não foi você, clique: bit.ly/seguranca-ban",fraud
Parabéns! Você ganhou um prêmio. Resgate clicando no link: bit.ly/seguranca-ban,fraud
Atenção: Novas regras de segurança para transferências via PIX.,alert
Sua fatura do mês Maio já está disponível para pagamento.,payment
Consulte seu extrato detalhado no menu 'Finanças'.,info
Transferência agendada com sucesso para Maria Oliveira no dia 15/05/2026.,payment
Seu boleto de R$ 141 vence amanhã. Pague agora e evite juros.,payment
Descubra as vantagens de ser um cliente Premium.,info
Sua conta Itaú precisa de verificação imediata. Acesse: bit.ly/seguranca-ban,fraud
Dica de segurança: Nunca forneça sua senha a terceiros por telefone.,alert
Comunicado importante sobre as taxas da sua conta corrente.,alert
O banco Inter deseja um ótimo dia para você!,info
Use o QR Code abaixo para realizar seu pagamento na Amazon.,payment
Dica de segurança: Nunca forneça sua senha a terceiros por telefone.,alert
Consulte seu extrato detalhado no menu 'Finanças'.,info
Transferência agendada com sucesso para Carlos Souza no dia 15/05/2026.,payment
Seu boleto de R$ 801 vence amanhã. Pague agora e evite juros.,payment
Use o QR Code abaixo para realizar seu pagamento na Amazon.,payment
Aviso: O limite do seu cartão está próximo do fim.,alert
Atenção: Novas regras de segurança para transferências via PIX.,alert
Sua conta Santander precisa de verificação imediata. Acesse: bit.ly/seguranca-ban,fraud
Atenção: Novas regras de segurança para transferências via PIX.,alert
"Aviso: Transferência suspeita de R$ 3687 detectada. Se não foi você, clique: linkp.site/verificar",fraud
Sua conta Itaú precisa de verificação imediata. Acesse: linkp.site/verificar,fraud
Sua conta Inter precisa de verificação imediata. Acesse: linkp.site/verificar,fraud
Sua senha expira em 24h. Atualize aqui para evitar bloqueio: bit.ly/seguranca-ban,fraud
Confirmação de pagamento via PIX no valor de R$ 89 para Maria Oliveira.,payment
Recebemos um pedido de alteração de dados. Não foi você? seguro.vcc.com/atualizar,fraud
Alerta de segurança: Novo dispositivo conectado. Desconheça aqui: linkp.site/verificar,fraud
Transferência agendada com sucesso para Maria Oliveira no dia 15/05/2026.,payment
Transferência agendada com sucesso para Carlos Souza no dia 15/05/2026.,payment
O banco Nubank deseja um ótimo dia para você!,info
Alerta de segurança: Novo dispositivo conectado. Desconheça aqui: linkp.site/verificar,fraud
Seu boleto de R$ 726 vence amanhã. Pague agora e evite juros.,payment
Descubra as vantagens de ser um cliente Premium.,info
Parabéns! Você ganhou um prêmio. Resgate clicando no link: linkp.site/verificar,fraud
Notificação: Manutenção programada no sistema no dia sábado.,alert
Descubra as vantagens de ser um cliente Premium.,info
Débito automático de R$ 437 realizado hoje.,payment
Informação: O horário de atendimento foi estendido até as 20h.,info
Sua conta Itaú precisa de verificação imediata. Acesse: seguro.vcc.com/atualizar,fraud
Sua fatura do mês Janeiro já está disponível para pagamento.,payment
"Aviso: Transferência suspeita de R$ 4130 detectada. Se não foi você, clique: bit.ly/seguranca-ban",fraud
Aviso: O limite do seu cartão está próximo do fim.,alert
Urgente: Sua conta foi bloqueada. Clique no link para regularizar: seguro.vcc.com/atualizar,fraud
Consulte seu extrato detalhado no menu 'Finanças'.,info
Consulte seu extrato detalhado no menu 'Finanças'.,info
Informativo: Sua conta agora tem acesso a novos fundos de investimento.,alert
Informativo: Sua conta agora tem acesso a novos fundos de investimento.,alert
Lembrete: Atualize seu endereço no aplicativo para continuar recebendo faturas.,alert
Notificação: Manutenção programada no sistema no dia sábado.,alert
Informação: O horário de atendimento foi estendido até as 20h.,info
Confirmação de pagamento via PIX no valor de R$ 344 para Carlos Souza.,payment
Informativo: Sua conta agora tem acesso a novos fundos de investimento.,alert
Dica de segurança: Nunca forneça sua senha a terceiros por telefone.,alert
Alerta de segurança: Novo dispositivo conectado. Desconheça aqui: seguro.vcc.com/atualizar,fraud
Seu boleto de R$ 546 vence amanhã. Pague agora e evite juros.,payment
Lembrete: Atualize seu endereço no aplicativo para continuar recebendo faturas.,alert
Informação: O horário de atendimento foi estendido até as 20h.,info
Confirmação de pagamento via PIX no valor de R$ 687 para João Silva.,payment
Saiba como economizar usando nossa nova ferramenta de metas.,info
Confirmação de pagamento via PIX no valor de R$ 258 para Carlos Souza.,payment
Recebemos um pedido de alteração de dados. Não foi você? seguro.vcc.com/atualizar,fraud
Informativo: Sua conta agora tem acesso a novos fundos de investimento.,alert
Comunicado importante sobre as taxas da sua conta corrente.,alert
Alerta de segurança: Novo dispositivo conectado. Desconheça aqui: linkp.site/verificar,fraud
Saiba como economizar usando nossa nova ferramenta de metas.,info
Seu cartão de crédito final 2367 foi aprovado. Limite de R$ 903.,payment
Detectamos uma tentativa de invasão. Confirme seus dados agora: bit.ly/seguranca-ban,fraud
Lembrete: Atualize seu endereço no aplicativo para continuar recebendo faturas.,alert
Consulte seu extrato detalhado no menu 'Finanças'.,info
Informativo: Sua conta agora tem acesso a novos fundos de investimento.,alert
Veja aqui o resumo dos seus gastos no último mês.,info
"Aviso: Transferência suspeita de R$ 501 detectada. Se não foi você, clique: linkp.site/verificar",fraud
Notificação: Manutenção programada no sistema no dia sábado.,alert
Informativo: Sua conta agora tem acesso a novos fundos de investimento.,alert
Comunicado importante sobre as taxas da sua conta corrente.,alert
O banco Nubank deseja um ótimo dia para você!,info
Detectamos uma tentativa de invasão. Confirme seus dados agora: linkp.site/verificar,fraud
O banco Inter deseja um ótimo dia para você!,info
Confirmação de pagamento via PIX no valor de R$ 909 para Ana Costa.,payment
"Aviso: Transferência suspeita de R$ 1635 detectada. Se não foi você, clique: bit.ly/seguranca-ban",fraud
Veja aqui o resumo dos seus gastos no último mês.,info
Recebemos um pedido de alteração de dados. Não foi você? seguro.vcc.com/atualizar,fraud
Comunicado importante sobre as taxas da sua conta corrente.,alert
"Olá, como posso ajudar você hoje?",info
Veja aqui o resumo dos seus gastos no último mês.,info
Seu boleto de R$ 342 vence amanhã. Pague agora e evite juros.,payment
Confirmação de pagamento via PIX no valor de R$ 217 para Carlos Souza.,payment
Use o QR Code abaixo para realizar seu pagamento na Magazine Luiza.,payment
Sua senha expira em 24h. Atualize aqui para evitar bloqueio: linkp.site/verificar,fraud
Deseja saber mais sobre nossos planos de previdência?,info
Sua fatura do mês Maio já está disponível para pagamento.,payment
Notificação: Manutenção programada no sistema no dia sábado.,alert
Atenção: Novas regras de segurança para transferências via PIX.,alert
Alerta: Detectamos uma oscilação na sua conexão com o banco.,alert
Saiba como economizar usando nossa nova ferramenta de metas.,info
Dica de segurança: Nunca forneça sua senha a terceiros por telefone.,alert
Informativo: Sua conta agora tem acesso a novos fundos de investimento.,alert
Alerta: Detectamos uma oscilação na sua conexão com o banco.,alert
Seu cartão de crédito final 2759 foi aprovado. Limite de R$ 940.,payment
Transferência agendada com sucesso para Ana Costa no dia 15/05/2026.,payment
Transferência agendada com sucesso para Carlos Souza no dia 15/05/2026.,payment
Confirmação de pagamento via PIX no valor de R$ 501 para Ana Costa.,payment
Aviso: O limite do seu cartão está próximo do fim.,alert
Transferência agendada com sucesso para João Silva no dia 15/05/2026.,payment
Aviso: O limite do seu cartão está próximo do fim.,alert
Débito automático de R$ 394 realizado hoje.,payment
Deseja saber mais sobre nossos planos de previdência?,info
Transferência agendada com sucesso para Carlos Souza no dia 15/05/2026.,payment
Informativo: Sua conta agora tem acesso a novos fundos de investimento.,alert
Saiba como economizar usando nossa nova ferramenta de metas.,info
Lembrete: Atualize seu endereço no aplicativo para continuar recebendo faturas.,alert
Lembrete: Atualize seu endereço no aplicativo para continuar recebendo faturas.,alert
Detectamos uma tentativa de invasão. Confirme seus dados agora: seguro.vcc.com/atualizar,fraud
Deseja saber mais sobre nossos planos de previdência?,info
Detectamos uma tentativa de invasão. Confirme seus dados agora: seguro.vcc.com/atualizar,fraud
Confirmação de pagamento via PIX no valor de R$ 813 para Maria Oliveira.,payment
Notificação: Manutenção programada no sistema no dia sábado.,alert
Confirmação de pagamento via PIX no valor de R$ 214 para Maria Oliveira.,payment
Descubra as vantagens de ser um cliente Premium.,info
Urgente: Sua conta foi bloqueada. Clique no link para regularizar: bit.ly/seguranca-ban,fraud
Informativo: Sua conta agora tem acesso a novos fundos de investimento.,alert
Parabéns! Você ganhou um prêmio. Resgate clicando no link: linkp.site/verificar,fraud
Consulte seu extrato detalhado no menu 'Finanças'.,info
Seu cartão de crédito final 8368 foi aprovado. Limite de R$ 486.,payment
Saiba como economizar usando nossa nova ferramenta de metas.,info
Alerta: Detectamos uma oscilação na sua conexão com o banco.,alert
Sua senha expira em 24h. Atualize aqui para evitar bloqueio: seguro.vcc.com/atualizar,fraud
Débito automático de R$ 994 realizado hoje.,payment
Atenção: Novas regras de segurança para transferências via PIX.,alert
Descubra as vantagens de ser um cliente Premium.,info
Sua fatura do mês Abril já está disponível para pagamento.,payment
Dica de segurança: Nunca forneça sua senha a terceiros por telefone.,alert
Sua conta Inter precisa de verificação imediata. Acesse: bit.ly/seguranca-ban,fraud
Saiba como economizar usando nossa nova ferramenta de metas.,info
Sua conta Nubank precisa de verificação imediata. Acesse: linkp.site/verificar,fraud
Débito automático de R$ 475 realizado hoje.,payment
Seu cartão de crédito final 4549 foi aprovado. Limite de R$ 364.,payment
Veja aqui o resumo dos seus gastos no último mês.,info
Notificação: Manutenção programada no sistema no dia sábado.,alert
Deseja saber mais sobre nossos planos de previdência?,info
Consulte seu extrato detalhado no menu 'Finanças'.,info
Consulte seu extrato detalhado no menu 'Finanças'.,info
Transferência agendada com sucesso para Ana Costa no dia 15/05/2026.,payment
Urgente: Sua conta foi bloqueada. Clique no link para regularizar: bit.ly/seguranca-ban,fraud
Dica de segurança: Nunca forneça sua senha a terceiros por telefone.,alert
Alerta de segurança: Novo dispositivo conectado. Desconheça aqui: linkp.site/verificar,fraud
Sua senha expira em 24h. Atualize aqui para evitar bloqueio: linkp.site/verificar,fraud
Informação: O horário de atendimento foi estendido até as 20h.,info
Sua conta Inter precisa de verificação imediata. Acesse: linkp.site/verificar,fraud
Débito automático de R$ 63 realizado hoje.,payment
Informativo: Sua conta agora tem acesso a novos fundos de investimento.,alert
Consulte seu extrato detalhado no menu 'Finanças'.,info
Seu boleto de R$ 906 vence amanhã. Pague agora e evite juros.,payment
Descubra as vantagens de ser um cliente Premium.,info
Consulte seu extrato detalhado no menu 'Finanças'.,info
Consulte seu extrato detalhado no menu 'Finanças'.,info
Informativo: Sua conta agora tem acesso a novos fundos de investimento.,alert
Sua fatura do mês Abril já está disponível para pagamento.,payment
Sua conta Banco do Brasil precisa de verificação imediata. Acesse: bit.ly/seguranca-ban,fraud
"Aviso: Transferência suspeita de R$ 1980 detectada. Se não foi você, clique: seguro.vcc.com/atualizar",fraud
"Olá, como posso ajudar você hoje?",info
Sua senha expira em 24h. Atualize aqui para evitar bloqueio: seguro.vcc.com/atualizar,fraud
Sua conta Santander precisa de verificação imediata. Acesse: bit.ly/seguranca-ban,fraud
Transferência agendada com sucesso para Maria Oliveira no dia 15/05/2026.,payment
Urgente: Sua conta foi bloqueada. Clique no link para regularizar: seguro.vcc.com/atualizar,fraud
Sua conta Nubank precisa de verificação imediata. Acesse: linkp.site/verificar,fraud
Alerta: Detectamos uma oscilação na sua conexão com o banco.,alert
Parabéns! Você ganhou um prêmio. Resgate clicando no link: seguro.vcc.com/atualizar,fraud
Seu cartão de crédito final 8868 foi aprovado. Limite de R$ 887.,payment
Informação: O horário de atendimento foi estendido até as 20h.,info
Recebemos um pedido de alteração de dados. Não foi você? bit.ly/seguranca-ban,fraud
Lembrete: Atualize seu endereço no aplicativo para continuar recebendo faturas.,alert
Confirmação de pagamento via PIX no valor de R$ 562 para Ana Costa.,payment
Comunicado importante sobre as taxas da sua conta corrente.,alert
Débito automático de R$ 12 realizado hoje.,payment
Informação: O horário de atendimento foi estendido até as 20h.,info
Informativo: Sua conta agora tem acesso a novos fundos de investimento.,alert
O banco Inter deseja um ótimo dia para você!,info
Dica de segurança: Nunca forneça sua senha a terceiros por telefone.,alert
Confirmação de pagamento via PIX no valor de R$ 591 para João Silva.,payment
Atenção: Novas regras de segurança para transferências via PIX.,alert
Descubra as vantagens de ser um cliente Premium.,info
Sua senha expira em 24h. Atualize aqui para evitar bloqueio: linkp.site/verificar,fraud
Deseja saber mais sobre nossos planos de previdência?,info
"Aviso: Transferência suspeita de R$ 4791 detectada. Se não foi você, clique: bit.ly/seguranca-ban",fraud
Seu boleto de R$ 440 vence amanhã. Pague agora e evite juros.,payment
Transferência agendada com sucesso para Maria Oliveira no dia 15/05/2026.,payment
Recebemos um pedido de alteração de dados. Não foi você? seguro.vcc.com/atualizar,fraud
Transferência agendada com sucesso para Carlos Souza no dia 15/05/2026.,payment
"Olá, como posso ajudar você hoje?",info
Informação: O horário de atendimento foi estendido até as 20h.,info
Transferência agendada com sucesso para Ana Costa no dia 15/05/2026.,payment
Descubra as vantagens de ser um cliente Premium.,info
Aviso: O limite do seu cartão está próximo do fim.,alert
Aviso: O limite do seu cartão está próximo do fim.,alert
Sua fatura do mês Janeiro já está disponível para pagamento.,payment
Descubra as vantagens de ser um cliente Premium.,info
Comunicado importante sobre as taxas da sua conta corrente.,alert
Dica de segurança: Nunca forneça sua senha a terceiros por telefone.,alert
Detectamos uma tentativa de invasão. Confirme seus dados agora: linkp.site/verificar,fraud
"Aviso: Transferência suspeita de R$ 3364 detectada. Se não foi você, clique: bit.ly/seguranca-ban",fraud
O banco Santander deseja um ótimo dia para você!,info
Recebemos um pedido de alteração de dados. Não foi você? linkp.site/verificar,fraud
Seu cartão de crédito final 6513 foi aprovado. Limite de R$ 590.,payment
Alerta: Detectamos uma oscilação na sua conexão com o banco.,alert
Parabéns! Você ganhou um prêmio. Resgate clicando no link: seguro.vcc.com/atualizar,fraud
Descubra as vantagens de ser um cliente Premium.,info
Transferência agendada com sucesso para Carlos Souza no dia 15/05/2026.,payment
Informativo: Sua conta agora tem acesso a novos fundos de investimento.,alert
Notificação: Manutenção programada no sistema no dia sábado.,alert
Consulte seu extrato detalhado no menu 'Finanças'.,info
Sua senha expira em 24h. Atualize aqui para evitar bloqueio: seguro.vcc.com/atualizar,fraud
Parabéns! Você ganhou um prêmio. Resgate clicando no link: seguro.vcc.com/atualizar,fraud
Seu cartão de crédito final 7224 foi aprovado. Limite de R$ 428.,payment
Sua conta Nubank precisa de verificação imediata. Acesse: linkp.site/verificar,fraud
Seu cartão de crédito final 4155 foi aprovado. Limite de R$ 138.,payment
Seu cartão de crédito final 5603 foi aprovado. Limite de R$ 87.,payment
Aviso: O limite do seu cartão está próximo do fim.,alert
Seu boleto de R$ 284 vence amanhã. Pague agora e evite juros.,payment
Informativo: Sua conta agora tem acesso a novos fundos de investimento.,alert
Sua conta Banco do Brasil precisa de verificação imediata. Acesse: seguro.vcc.com/atualizar,fraud
Sua conta Bradesco precisa de verificação imediata. Acesse: seguro.vcc.com/atualizar,fraud
Veja aqui o resumo dos seus gastos no último mês.,info
Sua fatura do mês Março já está disponível para pagamento.,payment
Alerta: Detectamos uma oscilação na sua conexão com o banco.,alert
Dica de segurança: Nunca forneça sua senha a terceiros por telefone.,alert
Use o QR Code abaixo para realizar seu pagamento na Mercado Livre.,payment
Notificação: Manutenção programada no sistema no dia sábado.,alert
Saiba como economizar usando nossa nova ferramenta de metas.,info
Sua fatura do mês Janeiro já está disponível para pagamento.,payment
Saiba como economizar usando nossa nova ferramenta de metas.,info
Informativo: Sua conta agora tem acesso a novos fundos de investimento.,alert
Lembrete: Atualize seu endereço no aplicativo para continuar recebendo faturas.,alert
Confirmação de pagamento via PIX no valor de R$ 580 para Ana Costa.,payment
Sua senha expira em 24h. Atualize aqui para evitar bloqueio: linkp.site/verificar,fraud
Lembrete: Atualize seu endereço no aplicativo para continuar recebendo faturas.,alert
Veja aqui o resumo dos seus gastos no último mês.,info
Parabéns! Você ganhou um prêmio. Resgate clicando no link: linkp.site/verificar,fraud
Informação: O horário de atendimento foi estendido até as 20h.,info
Saiba como economizar usando nossa nova ferramenta de metas.,info
Seu boleto de R$ 96 vence amanhã. Pague agora e evite juros.,payment
Recebemos um pedido de alteração de dados. Não foi você? bit.ly/seguranca-ban,fraud
Notificação: Manutenção programada no sistema no dia sábado.,alert
Deseja saber mais sobre nossos planos de previdência?,info
Dica de segurança: Nunca forneça sua senha a terceiros por telefone.,alert
Débito automático de R$ 537 realizado hoje.,payment
Transferência agendada com sucesso para Ana Costa no dia 15/05/2026.,payment
Sua senha expira em 24h. Atualize aqui para evitar bloqueio: linkp.site/verificar,fraud
Sua fatura do mês Abril já está disponível para pagamento.,payment
Descubra as vantagens de ser um cliente Premium.,info
Informação: O horário de atendimento foi estendido até as 20h.,info
Sua conta Itaú precisa de verificação imediata. Acesse: bit.ly/seguranca-ban,fraud
Confirmação de pagamento via PIX no valor de R$ 336 para João Silva.,payment
Deseja saber mais sobre nossos planos de previdência?,info
Deseja saber mais sobre nossos planos de previdência?,info
Descubra as vantagens de ser um cliente Premium.,info
Alerta: Detectamos uma oscilação na sua conexão com o banco.,alert
Dica de segurança: Nunca forneça sua senha a terceiros por telefone.,alert
Veja aqui o resumo dos seus gastos no último mês.,info
Consulte seu extrato detalhado no menu 'Finanças'.,info
Detectamos uma tentativa de invasão. Confirme seus dados agora: seguro.vcc.com/atualizar,fraud
Informativo: Sua conta agora tem acesso a novos fundos de investimento.,alert
Detectamos uma tentativa de invasão. Confirme seus dados agora: linkp.site/verificar,fraud
Informativo: Sua conta agora tem acesso a novos fundos de investimento.,alert
Parabéns! Você ganhou um prêmio. Resgate clicando no link: seguro.vcc.com/atualizar,fraud
Sua fatura do mês Maio já está disponível para pagamento.,payment
Saiba como economizar usando nossa nova ferramenta de metas.,info
O banco Banco do Brasil deseja um ótimo dia para você!,info
Deseja saber mais sobre nossos planos de previdência?,info
Sua conta Banco do Brasil precisa de verificação imediata. Acesse: bit.ly/seguranca-ban,fraud
Informação: O horário de atendimento foi estendido até as 20h.,info
Deseja saber mais sobre nossos planos de previdência?,info
Consulte seu extrato detalhado no menu 'Finanças'.,info
Descubra as vantagens de ser um cliente Premium.,info
Seu cartão de crédito final 5439 foi aprovado. Limite de R$ 530.,payment
"Aviso: Transferência suspeita de R$ 1485 detectada. Se não foi você, clique: bit.ly/seguranca-ban",fraud
Saiba como economizar usando nossa nova ferramenta de metas.,info
Veja aqui o resumo dos seus gastos no último mês.,info
Transferência agendada com sucesso para Maria Oliveira no dia 15/05/2026.,payment
Informativo: Sua conta agora tem acesso a novos fundos de investimento.,alert
Seu boleto de R$ 945 vence amanhã. Pague agora e evite juros.,payment
O banco Inter deseja um ótimo dia para você!,info
Atenção: Novas regras de segurança para transferências via PIX.,alert
Parabéns! Você ganhou um prêmio. Resgate clicando no link: linkp.site/verificar,fraud
Saiba como economizar usando nossa nova ferramenta de metas.,info
Dica de segurança: Nunca forneça sua senha a terceiros por telefone.,alert
Deseja saber mais sobre nossos planos de previdência?,info
Urgente: Sua conta foi bloqueada. Clique no link para regularizar: seguro.vcc.com/atualizar,fraud
"Olá, como posso ajudar você hoje?",info
Transferência agendada com sucesso para Ana Costa no dia 15/05/2026.,payment
Sua senha expira em 24h. Atualize aqui para evitar bloqueio: seguro.vcc.com/atualizar,fraud
Veja aqui o resumo dos seus gastos no último mês.,info
"Aviso: Transferência suspeita de R$ 4801 detectada. Se não foi você, clique: linkp.site/verificar",fraud
Descubra as vantagens de ser um cliente Premium.,info
Recebemos seu depósito de R$ 736. O saldo será atualizado em breve.,payment
Alerta de segurança: Novo dispositivo conectado. Desconheça aqui: seguro.vcc.com/atualizar,fraud
Alerta de segurança: Novo dispositivo conectado. Desconheça aqui: linkp.site/verificar,fraud
Confirmação de pagamento via PIX no valor de R$ 381 para Maria Oliveira.,payment
Confirmação de pagamento via PIX no valor de R$ 269 para Maria Oliveira.,payment
Débito automático de R$ 188 realizado hoje.,payment
Descubra as vantagens de ser um cliente Premium.,info
Recebemos um pedido de alteração de dados. Não foi você? seguro.vcc.com/atualizar,fraud
"Aviso: Transferência suspeita de R$ 3770 detectada. Se não foi você, clique: linkp.site/verificar",fraud
Detectamos uma tentativa de invasão. Confirme seus dados agora: bit.ly/seguranca-ban,fraud
Recebemos um pedido de alteração de dados. Não foi você? seguro.vcc.com/atualizar,fraud
Veja aqui o resumo dos seus gastos no último mês.,info
Detectamos uma tentativa de invasão. Confirme seus dados agora: seguro.vcc.com/atualizar,fraud
Comunicado importante sobre as taxas da sua conta corrente.,alert
Consulte seu extrato detalhado no menu 'Finanças'.,info
Urgente: Sua conta foi bloqueada. Clique no link para regularizar: seguro.vcc.com/atualizar,fraud
Confirmação de pagamento via PIX no valor de R$ 353 para Ana Costa.,payment
Informativo: Sua conta agora tem acesso a novos fundos de investimento.,alert
Seu boleto de R$ 924 vence amanhã. Pague agora e evite juros.,payment
Sua senha expira em 24h. Atualize aqui para evitar bloqueio: linkp.site/verificar,fraud
Descubra as vantagens de ser um cliente Premium.,info
Informativo: Sua conta agora tem acesso a novos fundos de investimento.,alert
Veja aqui o resumo dos seus gastos no último mês.,info
Informativo: Sua conta agora tem acesso a novos fundos de investimento.,alert
Informativo: Sua conta agora tem acesso a novos fundos de investimento.,alert
Débito automático de R$ 587 realizado hoje.,payment
Informativo: Sua conta agora tem acesso a novos fundos de investimento.,alert
Consulte seu extrato detalhado no menu 'Finanças'.,info
Alerta: Detectamos uma oscilação na sua conexão com o banco.,alert
Dica de segurança: Nunca forneça sua senha a terceiros por telefone.,alert
Recebemos seu depósito de R$ 649. O saldo será atualizado em breve.,payment
"Aviso: Transferência suspeita de R$ 4779 detectada. Se não foi você, clique: seguro.vcc.com/atualizar",fraud
Saiba como economizar usando nossa nova ferramenta de metas.,info
Informativo: Sua conta agora tem acesso a novos fundos de investimento.,alert
Dica de segurança: Nunca forneça sua senha a terceiros por telefone.,alert
Atenção: Novas regras de segurança para transferências via PIX.,alert
Dica de segurança: Nunca forneça sua senha a terceiros por telefone.,alert
O banco Banco do Brasil deseja um ótimo dia para você!,info
Confirmação de pagamento via PIX no valor de R$ 129 para João Silva.,payment
Transferência agendada com sucesso para Ana Costa no dia 15/05/2026.,payment
Seu cartão de crédito final 7811 foi aprovado. Limite de R$ 499.,payment
Débito automático de R$ 537 realizado hoje.,payment
Parabéns! Você ganhou um prêmio. Resgate clicando no link: linkp.site/verificar,fraud
Alerta: Detectamos uma oscilação na sua conexão com o banco.,alert
Alerta: Detectamos uma oscilação na sua conexão com o banco.,alert
Dica de segurança: Nunca forneça sua senha a terceiros por telefone.,alert
"Aviso: Transferência suspeita de R$ 1606 detectada. Se não foi você, clique: bit.ly/seguranca-ban",fraud
Alerta: Detectamos uma oscilação na sua conexão com o banco.,alert
Dica de segurança: Nunca forneça sua senha a terceiros por telefone.,alert
Recebemos um pedido de alteração de dados. Não foi você? bit.ly/seguranca-ban,fraud
Recebemos seu depósito de R$ 431. O saldo será atualizado em breve.,payment
Consulte seu extrato detalhado no menu 'Finanças'.,info
Dica de segurança: Nunca forneça sua senha a terceiros por telefone.,alert
Confirmação de pagamento via PIX no valor de R$ 813 para Carlos Souza.,payment
Alerta: Detectamos uma oscilação na sua conexão com o banco.,alert
Alerta de segurança: Novo dispositivo conectado. Desconheça aqui: linkp.site/verificar,fraud
Aviso: O limite do seu cartão está próximo do fim.,alert
Transferência agendada com sucesso para João Silva no dia 15/05/2026.,payment
Lembrete: Atualize seu endereço no aplicativo para continuar recebendo faturas.,alert
Detectamos uma tentativa de invasão. Confirme seus dados agora: linkp.site/verificar,fraud
Saiba como economizar usando nossa nova ferramenta de metas.,info
Consulte seu extrato detalhado no menu 'Finanças'.,info
Saiba como economizar usando nossa nova ferramenta de metas.,info
Sua senha expira em 24h. Atualize aqui para evitar bloqueio: linkp.site/verificar,fraud
Recebemos um pedido de alteração de dados. Não foi você? bit.ly/seguranca-ban,fraud
"Olá, como posso ajudar você hoje?",info
Alerta de segurança: Novo dispositivo conectado. Desconheça aqui: bit.ly/seguranca-ban,fraud
Recebemos um pedido de alteração de dados. Não foi você? seguro.vcc.com/atualizar,fraud
Comunicado importante sobre as taxas da sua conta corrente.,alert
Transferência agendada com sucesso para João Silva no dia 15/05/2026.,payment
Deseja saber mais sobre nossos planos de previdência?,info
Use o QR Code abaixo para realizar seu pagamento na Amazon.,payment
Confirmação de pagamento via PIX no valor de R$ 461 para Ana Costa.,payment
Alerta de segurança: Novo dispositivo conectado. Desconheça aqui: seguro.vcc.com/atualizar,fraud
Veja aqui o resumo dos seus gastos no último mês.,info
Alerta: Detectamos uma oscilação na sua conexão com o banco.,alert
Descubra as vantagens de ser um cliente Premium.,info
Consulte seu extrato detalhado no menu 'Finanças'.,info
Seu cartão de crédito final 1994 foi aprovado. Limite de R$ 762.,payment
Informativo: Sua conta agora tem acesso a novos fundos de investimento.,alert
"Olá, como posso ajudar você hoje?",info
Lembrete: Atualize seu endereço no aplicativo para continuar recebendo faturas.,alert
Sua fatura do mês Janeiro já está disponível para pagamento.,payment
Confirmação de pagamento via PIX no valor de R$ 542 para Maria Oliveira.,payment
Recebemos um pedido de alteração de dados. Não foi você? seguro.vcc.com/atualizar,fraud
Aviso: O limite do seu cartão está próximo do fim.,alert
Sua senha expira em 24h. Atualize aqui para evitar bloqueio: linkp.site/verificar,fraud
Urgente: Sua conta foi bloqueada. Clique no link para regularizar: bit.ly/seguranca-ban,fraud
Consulte seu extrato detalhado no menu 'Finanças'.,info
Seu boleto de R$ 994 vence amanhã. Pague agora e evite juros.,payment
Lembrete: Atualize seu endereço no aplicativo para continuar recebendo faturas.,alert
Aviso: O limite do seu cartão está próximo do fim.,alert
Aviso: O limite do seu cartão está próximo do fim.,alert
Transferência agendada com sucesso para Maria Oliveira no dia 15/05/2026.,payment
Débito automático de R$ 521 realizado hoje.,payment
Transferência agendada com sucesso para Carlos Souza no dia 15/05/2026.,payment
Aviso: O limite do seu cartão está próximo do fim.,alert
Confirmação de pagamento via PIX no valor de R$ 796 para João Silva.,payment
Transferência agendada com sucesso para João Silva no dia 15/05/2026.,payment
Descubra as vantagens de ser um cliente Premium.,info
Sua senha expira em 24h. Atualize aqui para evitar bloqueio: linkp.site/verificar,fraud
Seu cartão de crédito final 6233 foi aprovado. Limite de R$ 922.,payment
Notificação: Manutenção programada no sistema no dia sábado.,alert
Dica de segurança: Nunca forneça sua senha a terceiros por telefone.,alert
Recebemos um pedido de alteração de dados. Não foi você? seguro.vcc.com/atualizar,fraud
O banco Bradesco deseja um ótimo dia para você!,info
Informação: O horário de atendimento foi estendido até as 20h.,info
Use o QR Code abaixo para realizar seu pagamento na Posto Shell.,payment
Sua senha expira em 24h. Atualize aqui para evitar bloqueio: seguro.vcc.com/atualizar,fraud
"Aviso: Transferência suspeita de R$ 3034 detectada. Se não foi você, clique: linkp.site/verificar",fraud
Informação: O horário de atendimento foi estendido até as 20h.,info
Sua conta Inter precisa de verificação imediata. Acesse: seguro.vcc.com/atualizar,fraud
Atenção: Novas regras de segurança para transferências via PIX.,alert
Use o QR Code abaixo para realizar seu pagamento na Magazine Luiza.,payment
"Aviso: Transferência suspeita de R$ 1945 detectada. Se não foi você, clique: linkp.site/verificar",fraud
Lembrete: Atualize seu endereço no aplicativo para continuar recebendo faturas.,alert
Seu cartão de crédito final 8003 foi aprovado. Limite de R$ 170.,payment
Seu boleto de R$ 905 vence amanhã. Pague agora e evite juros.,payment
Use o QR Code abaixo para realizar seu pagamento na Posto Shell.,payment
Urgente: Sua conta foi bloqueada. Clique no link para regularizar: linkp.site/verificar,fraud
Detectamos uma tentativa de invasão. Confirme seus dados agora: bit.ly/seguranca-ban,fraud
Urgente: Sua conta foi bloqueada. Clique no link para regularizar: bit.ly/seguranca-ban,fraud
Deseja saber mais sobre nossos planos de previdência?,info
"Olá, como posso ajudar você hoje?",info
Deseja saber mais sobre nossos planos de previdência?,info
O banco Itaú deseja um ótimo dia para você!,info
Notificação: Manutenção programada no sistema no dia sábado.,alert
Transferência agendada com sucesso para Ana Costa no dia 15/05/2026.,payment
Parabéns! Você ganhou um prêmio. Resgate clicando no link: linkp.site/verificar,fraud
Descubra as vantagens de ser um cliente Premium.,info
Sua conta Inter precisa de verificação imediata. Acesse: bit.ly/seguranca-ban,fraud
Recebemos um pedido de alteração de dados. Não foi você? bit.ly/seguranca-ban,fraud
Informação: O horário de atendimento foi estendido até as 20h.,info
Seu cartão de crédito final 3724 foi aprovado. Limite de R$ 614.,payment
Notificação: Manutenção programada no sistema no dia sábado.,alert
Lembrete: Atualize seu endereço no aplicativo para continuar recebendo faturas.,alert
O banco Santander deseja um ótimo dia para você!,info
Veja aqui o resumo dos seus gastos no último mês.,info
Sua conta Banco do Brasil precisa de verificação imediata. Acesse: seguro.vcc.com/atualizar,fraud
Alerta: Detectamos uma oscilação na sua conexão com o banco.,alert
Descubra as vantagens de ser um cliente Premium.,info
Alerta: Detectamos uma oscilação na sua conexão com o banco.,alert
Alerta de segurança: Novo dispositivo conectado. Desconheça aqui: bit.ly/seguranca-ban,fraud
Atenção: Novas regras de segurança para transferências via PIX.,alert
Informação: O horário de atendimento foi estendido até as 20h.,info
Parabéns! Você ganhou um prêmio. Resgate clicando no link: bit.ly/seguranca-ban,fraud
Débito automático de R$ 513 realizado hoje.,payment
Recebemos seu depósito de R$ 543. O saldo será atualizado em breve.,payment
Recebemos seu depósito de R$ 190. O saldo será atualizado em breve.,payment
Informação: O horário de atendimento foi estendido até as 20h.,info
Confirmação de pagamento via PIX no valor de R$ 570 para Carlos Souza.,payment
Recebemos um pedido de alteração de dados. Não foi você? bit.ly/seguranca-ban,fraud
Alerta: Detectamos uma oscilação na sua conexão com o banco.,alert
Descubra as vantagens de ser um cliente Premium.,info
"Olá, como posso ajudar você hoje?",info
Descubra as vantagens de ser um cliente Premium.,info
Dica de segurança: Nunca forneça sua senha a terceiros por telefone.,alert
"Olá, como posso ajudar você hoje?",info
Comunicado importante sobre as taxas da sua conta corrente.,alert
Use o QR Code abaixo para realizar seu pagamento na Magazine Luiza.,payment
Alerta de segurança: Novo dispositivo conectado. Desconheça aqui: linkp.site/verificar,fraud
Confirmação de pagamento via PIX no valor de R$ 348 para Ana Costa.,payment
Informativo: Sua conta agora tem acesso a novos fundos de investimento.,alert
Dica de segurança: Nunca forneça sua senha a terceiros por telefone.,alert
Descubra as vantagens de ser um cliente Premium.,info
Comunicado importante sobre as taxas da sua conta corrente.,alert
Veja aqui o resumo dos seus gastos no último mês.,info
Sua conta Nubank precisa de verificação imediata. Acesse: bit.ly/seguranca-ban,fraud
O banco Santander deseja um ótimo dia para você!,info
Transferência agendada com sucesso para Maria Oliveira no dia 15/05/2026.,payment
Parabéns! Você ganhou um prêmio. Resgate clicando no link: linkp.site/verificar,fraud
Informação: O horário de atendimento foi estendido até as 20h.,info
Comunicado importante sobre as taxas da sua conta corrente.,alert
O banco Banco do Brasil deseja um ótimo dia para você!,info
